user_id,vehicle_id
driver_0001,veh_0001
driver_0002,veh_0002
driver_0003,veh_0003
driver_0004,veh_0004
driver_0005,veh_0005
driver_0006,veh_0006
driver_0007,veh_0007
driver_0008,veh_0008
driver_0009,veh_0009
driver_0010,veh_0010
driver_0011,veh_0011
driver_0012,veh_0012
driver_0013,veh_0013
driver_0014,veh_0014
driver_0015,veh_0015
driver_0016,veh_0016
driver_0017,veh_0017
driver_0018,veh_0018
driver_0019,veh_0019
driver_0020,veh_0020
driver_0021,veh_0021
driver_0022,veh_0022
driver_0023,veh_0023
driver_0024,veh_0024
driver_0025,veh_0025
driver_0026,veh_0026
driver_0027,veh_0027
driver_0028,veh_0028
driver_0029,veh_0029
driver_0030,veh_0030
driver_0031,veh_0031
driver_0032,veh_0032
driver_0033,veh_0033
driver_0034,veh_0034
driver_0035,veh_0035
driver_0036,veh_0036
driver_0037,veh_0037
driver_0038,veh_0038
driver_0039,veh_0039
driver_0040,veh_0040
driver_0041,veh_0041
driver_0042,veh_0042
driver_0043,veh_0043
driver_0044,veh_0044
driver_0045,veh_0045
driver_0046,veh_0046
driver_0047,veh_0047
driver_0048,veh_0048
driver_0049,veh_0049
driver_0050,veh_0050
driver_0051,veh_0051
driver_0052,veh_0052
driver_0053,veh_0053
driver_0054,veh_0054
driver_0055,veh_0055
driver_0056,veh_0056
driver_0057,veh_0057
driver_0058,veh_0058
driver_0059,veh_0059
driver_0060,veh_0060
driver_0061,veh_0061
driver_0062,veh_0062
driver_0063,veh_0063
driver_0064,veh_0064
driver_0065,veh_0065
driver_0066,veh_0066
driver_0067,veh_0067
driver_0068,veh_0068
driver_0069,veh_0069
driver_0070,veh_0070
driver_0071,veh_0071
driver_0072,veh_0072
driver_0073,veh_0073
driver_0074,veh_0074
driver_0075,veh_0075
driver_0076,veh_0076
driver_0077,veh_0077
driver_0078,veh_0078
driver_0079,veh_0079
driver_0080,veh_0080
driver_0081,veh_0081
driver_0082,veh_0082
driver_0083,veh_0083
driver_0084,veh_0084
driver_0085,veh_0085
driver_0086,veh_0086
driver_0087,veh_0087
driver_0088,veh_0088
driver_0089,veh_0089
driver_0090,veh_0090
driver_0091,veh_0091
driver_0092,veh_0092
driver_0093,veh_0093
driver_0094,veh_0094
driver_0095,veh_0095
driver_0096,veh_0096
driver_0097,veh_0097
driver_0098,veh_0098
driver_0099,veh_0099
driver_0100,veh_0100
